Date,Price,Open,High,Low,Volume,Change(%)
24-Sep-25,494.7,490.75,495.8,483.5,1568815,1.16%
23-Sep-25,489.05,486.4,497.65,486.35,2074346,0.54%
22-Sep-25,486.4,483,490.4,481.35,1131081,1.20%
19-Sep-25,480.65,485,485.05,476.05,947737,-0.80%
18-Sep-25,484.55,486.7,491,481.25,610388,0.23%
17-Sep-25,483.45,493.95,499,482.25,2095486,-0.58%
16-Sep-25,486.25,480.5,491,479.75,1587021,1.47%
15-Sep-25,479.2,476,486.4,470.55,975708,0.79%
12-Sep-25,475.45,480.15,481,470,1390599,-0.49%
11-Sep-25,477.8,480.15,480.3,475.15,642776,-0.36%
10-Sep-25,479.55,483.5,483.9,473.1,875353,-0.38%
09-Sep-25,481.4,482.65,485,477.25,447151,0.29%
08-Sep-25,480,484.95,491,478.35,638840,-0.58%
05-Sep-25,482.8,486,488,479.05,572558,-0.56%
04-Sep-25,485.5,492,497.8,481.05,2501551,-0.03%
03-Sep-25,485.65,491.05,495.7,482.4,1536058,-0.44%
02-Sep-25,487.8,469,493,467,6936286,4.32%
01-Sep-25,467.6,464.5,471.5,463.25,993342,1.17%
29-Aug-25,462.2,459.75,463.55,454.7,681893,1.02%
28-Aug-25,457.55,456.5,462.15,453.5,609203,0.22%
26-Aug-25,456.55,465.8,465.9,455,718649,-1.99%
25-Aug-25,465.8,465.95,471.3,463,756689,0.01%
22-Aug-25,465.75,464.45,467.5,456.5,562831,0.23%
21-Aug-25,464.7,467.35,467.95,460,519012,-0.56%
20-Aug-25,467.3,467,469.7,462,606469,0.21%
19-Aug-25,466.3,462,468,455.8,1237000,0.40%
18-Aug-25,464.45,436.8,468.75,431,2446895,7.44%
14-Aug-25,432.3,444.65,445.6,430.05,612195,-2.78%
13-Aug-25,444.65,446.65,446.95,438,492562,-0.45%
12-Aug-25,446.65,441,448.95,434.8,451459,1.77%
11-Aug-25,438.9,434.25,440.95,430,282065,1.08%
08-Aug-25,434.2,425.6,437.8,421,519716,-0.47%
07-Aug-25,436.25,435.1,438.35,427.7,227665,0.26%
06-Aug-25,435.1,439.85,443.85,431.1,417114,-1.08%
05-Aug-25,439.85,442.3,446.15,438.75,256491,-0.36%
04-Aug-25,441.45,444,444.8,437.05,250458,0.14%
01-Aug-25,440.85,450.7,454.7,439.2,227026,-1.97%
31-Jul-25,449.7,456.5,460.75,447.05,405420,-2.25%
30-Jul-25,460.05,457.95,463.25,455.05,465687,0.91%
29-Jul-25,455.9,451.9,458.5,449.05,259720,0.87%
28-Jul-25,451.95,455.75,461.7,447.45,547315,-0.68%
25-Jul-25,455.05,459,459.85,452.35,442237,-0.88%
24-Jul-25,459.1,457.95,465.5,455.7,779549,0.25%
23-Jul-25,457.95,451.7,458.9,448.55,563753,1.87%
22-Jul-25,449.55,452,454.95,448,369290,-0.22%
21-Jul-25,450.55,455,455.95,446.45,759137,-1.01%
18-Jul-25,455.15,458.9,461,454.2,507733,-0.65%
17-Jul-25,458.15,457.3,473,455.25,2921723,0.65%
16-Jul-25,455.2,459,462.5,454.3,723679,-0.93%
15-Jul-25,459.45,456,461.5,455.05,871453,1.31%
14-Jul-25,453.5,458,461.45,451.8,768813,-1.11%
11-Jul-25,458.6,468,470.7,457,1096347,-2.89%
10-Jul-25,472.25,476,477.1,470.05,918686,-0.35%
09-Jul-25,473.9,473,476.55,468.1,2041391,0.46%
08-Jul-25,471.75,460,475,457.5,1947914,2.47%
07-Jul-25,460.4,459.05,463.6,455.6,488674,0.27%
04-Jul-25,459.15,462.95,467,456.25,564868,-0.75%
03-Jul-25,462.6,469.5,471,461.25,2422706,-0.90%
02-Jul-25,466.8,449.4,470.9,448.55,7350179,4.27%
01-Jul-25,447.7,449.05,451.4,445.5,419750,-0.25%
30-Jun-25,448.8,449.15,452.5,446.9,440931,0.32%
27-Jun-25,447.35,449,453,445.7,1374378,0.17%
26-Jun-25,446.6,452.2,454.95,445.8,1208086,-0.99%
25-Jun-25,451.05,447.1,452.35,444.25,1379568,1.03%
24-Jun-25,446.45,450,452.2,441.5,896805,0.67%
23-Jun-25,443.5,439,444.9,435.3,650748,0.84%
20-Jun-25,439.8,447.45,448.5,436.1,2304686,-1.63%
19-Jun-25,447.1,445.4,449,441.6,549351,0.38%
18-Jun-25,445.4,444.9,449,442.1,371685,0.04%
17-Jun-25,445.2,448.4,449.9,443.45,505842,-0.53%
16-Jun-25,447.55,450.3,451.95,444.45,486765,-0.97%
13-Jun-25,451.95,441,456.7,440,802931,-1.14%
12-Jun-25,457.15,462.4,465.9,453.25,904050,-1.15%
11-Jun-25,462.45,469,472,461.5,722412,-1.16%
10-Jun-25,467.9,474.6,475.35,466.1,1220628,-0.96%
09-Jun-25,472.45,475.9,477,468,1044101,0.27%
06-Jun-25,471.2,465.9,476,459.5,1505404,1.85%
05-Jun-25,462.65,461.3,466.75,460,619545,0.98%
04-Jun-25,458.15,466.5,466.9,456.65,922039,-1.58%
03-Jun-25,465.5,471.5,472,463.15,1201526,-1.27%
02-Jun-25,471.5,467.75,474.9,464.3,899808,0.20%
30-May-25,470.55,481.95,483.55,465.7,1058389,-1.84%
29-May-25,479.35,494.4,495.65,478,2039953,-2.94%
28-May-25,493.85,495,497,492.3,903621,-0.03%
27-May-25,494,495,499.05,492.65,1116601,-0.23%
26-May-25,495.15,494.4,500.55,488.05,1279138,0.09%
23-May-25,494.7,495,497.7,491,903008,0.58%
22-May-25,491.85,490.5,492.9,483.7,722103,0.77%
21-May-25,488.1,490.1,492.65,482.25,1273074,-0.26%
20-May-25,489.35,490.95,491.95,484.5,2090317,0.16%
19-May-25,488.55,495,498.3,487.65,1127526,-1.15%
16-May-25,494.25,487,509.8,483.5,4576424,2.87%
15-May-25,480.45,474,490.85,474,3830238,1.07%
14-May-25,475.35,473.9,478.3,469.75,1258392,0.62%
13-May-25,472.4,483.4,484,467.65,1804302,-1.79%
12-May-25,481,475,483,472,1521186,3.09%
09-May-25,466.6,478.95,482,460.1,2729974,-3.71%
08-May-25,484.6,498.5,503.95,481,1547020,-2.05%
07-May-25,494.75,473.2,499,473,2421760,2.46%
06-May-25,482.85,487.8,490.35,480,1576060,-1.01%
05-May-25,487.8,485,491.75,481.65,2673499,1.99%
02-May-25,478.3,475,480.8,469.45,2912182,1.36%
30-Apr-25,471.9,454.8,475.3,454.3,4518564,3.50%
29-Apr-25,455.95,461.7,464.3,453,883384,-0.76%
28-Apr-25,459.45,459,461,445.9,927869,-0.42%
25-Apr-25,461.4,472.4,474.35,455.45,1520153,-1.92%
24-Apr-25,470.45,460.15,472.9,456.65,1488463,2.24%
23-Apr-25,460.15,465.55,467,457.05,778254,-0.49%
22-Apr-25,462.4,461.55,465.85,457.95,776057,0.35%
21-Apr-25,460.8,451.8,462.35,448.2,1435427,2.00%
17-Apr-25,451.75,448.9,454.9,443.85,1323859,0.79%
16-Apr-25,448.2,439.4,449,436.6,1618991,2.07%
15-Apr-25,439.1,428.6,439.75,428.6,2527163,2.65%
11-Apr-25,427.75,419.9,428.7,411.9,2909601,4.89%
09-Apr-25,407.8,399,409.3,395.65,844827,1.58%
08-Apr-25,401.45,402,405.15,392.5,1170323,1.01%
07-Apr-25,397.45,375,406.7,375,1562496,-2.57%
04-Apr-25,407.95,425,425.5,406.2,718028,-3.61%
03-Apr-25,423.25,422.1,427.3,420.05,1875912,-1.17%
02-Apr-25,428.25,422,429,417.75,394646,1.35%
01-Apr-25,422.55,425,429.35,420.55,569201,-0.82%
28-Mar-25,426.05,430.05,433.05,422.75,1445931,-0.46%
27-Mar-25,428,429.6,432,420.05,1946020,-0.37%
26-Mar-25,429.6,431.45,435.3,426.15,1499465,-0.60%
25-Mar-25,432.2,440.5,440.65,424.6,2006204,-0.17%
24-Mar-25,432.95,428.7,435.3,422.85,1315906,1.67%
21-Mar-25,425.85,426.6,428.7,422.6,1318198,-0.27%
20-Mar-25,427,425.05,428.55,420.55,1396944,0.46%
19-Mar-25,425.05,412.1,428.65,410,1571421,3.65%
18-Mar-25,410.1,404,413.95,402,1846960,1.94%
17-Mar-25,402.3,399.5,404,396.2,632742,0.34%
13-Mar-25,400.95,408,409.2,399.1,507073,-1.57%
12-Mar-25,407.35,404.55,410.9,402.3,1005723,1.31%
11-Mar-25,402.1,404.9,407.35,401.05,888015,-1.64%
10-Mar-25,408.8,411.5,414.75,406.15,1423565,-0.70%
07-Mar-25,411.7,400.85,413.5,397.65,2631605,2.71%
06-Mar-25,400.85,399,407.7,393.5,2546433,2.93%
05-Mar-25,389.45,379.15,390.65,379.15,1515699,2.84%
04-Mar-25,378.7,386.9,386.9,377.8,1414972,-2.22%
03-Mar-25,387.3,378.1,388.9,370.9,1529627,3.47%
28-Feb-25,374.3,388.9,389.65,373.35,1471211,-4.01%
27-Feb-25,389.95,398.95,400.2,389,1377674,-2.26%
25-Feb-25,398.95,401.35,404.7,398.1,2001189,-0.60%
24-Feb-25,401.35,408.5,408.5,399.3,1539491,-1.79%
21-Feb-25,408.65,418.4,423.55,407.25,1152287,-2.33%
20-Feb-25,418.4,412,419.45,409.3,663978,1.21%
19-Feb-25,413.4,410.95,415.45,407.3,725275,0.32%
18-Feb-25,412.1,414.05,418.2,406.6,706450,-1.01%
17-Feb-25,416.3,414,417.6,403.5,713099,0.75%
14-Feb-25,413.2,422.55,424.3,410,817075,-1.78%
13-Feb-25,420.7,415.65,425.5,412.4,1540335,1.91%
12-Feb-25,412.8,417.15,419.65,408.1,1397333,-1.14%
11-Feb-25,417.55,423.05,426.9,413.65,1534407,-1.22%
10-Feb-25,422.7,429,437.35,420.1,2734651,-0.81%
07-Feb-25,426.15,414,430.9,414,5953396,2.34%
06-Feb-25,416.4,422.95,422.95,413.55,967039,-0.88%
05-Feb-25,420.1,421.95,426.15,419.25,928738,-0.44%
04-Feb-25,421.95,416.05,423.35,415.5,1065386,1.76%
03-Feb-25,414.65,424,428.4,411.35,1118063,-2.74%
01-Feb-25,426.35,440.15,441.25,421.35,1195015,-2.50%
31-Jan-25,437.3,433,439.1,430.75,1118848,1.04%
30-Jan-25,432.8,425.1,434.9,420,2822251,2.09%
29-Jan-25,423.95,424,429.3,422.05,1827081,0.05%
28-Jan-25,423.75,424.9,430,418.1,3136478,1.00%
27-Jan-25,419.55,421,421,407.05,3135587,-0.91%
24-Jan-25,423.4,439.05,440.8,422.45,1226651,-3.53%
23-Jan-25,438.9,438.45,442.2,431.8,965683,-0.02%
22-Jan-25,439,449.95,453.45,432.65,1380036,-1.92%
21-Jan-25,447.6,453.6,458.2,446.35,1474758,-0.82%
20-Jan-25,451.3,452.8,454.9,447.25,2372010,-0.33%
17-Jan-25,452.8,457.5,458.7,449,674210,-0.61%
16-Jan-25,455.6,457,465.35,453.75,1544399,0.19%
15-Jan-25,454.75,454.3,459.35,452.2,1855864,0.43%
14-Jan-25,452.8,446.9,456.7,446.15,923545,2.18%
13-Jan-25,443.15,452,460.45,440.95,1225767,-4.08%
10-Jan-25,462,475.55,476.95,458.5,3414077,-2.86%
09-Jan-25,475.6,485.05,486.1,474.05,1426100,-1.51%
08-Jan-25,482.9,498,498,479.4,1082081,-3.05%
07-Jan-25,498.1,501.35,505.65,496.55,2127349,-0.53%
06-Jan-25,500.75,511.5,513.5,497.1,1029267,-2.19%
03-Jan-25,511.95,526.65,529.2,510.55,1530218,-2.77%
02-Jan-25,526.55,529.9,530.7,517,945975,-0.19%
01-Jan-25,527.55,529.4,530.5,521.6,452770,-0.35%
31-Dec-24,529.4,533.95,540.25,528,452808,-1.35%
30-Dec-24,536.65,538,540.55,530.35,1319122,-0.75%
27-Dec-24,540.7,540,546,534.8,2240285,-0.29%
26-Dec-24,542.25,537.8,544.25,534.1,1433508,1.39%
24-Dec-24,534.8,532.1,540,531,1418312,0.51%
23-Dec-24,532.1,533.9,536.9,527,637912,0.03%
20-Dec-24,531.95,527,536,526.15,2669277,0.37%
19-Dec-24,530,520.1,530.9,520.05,704464,-0.14%
18-Dec-24,530.75,530.05,535.3,529.2,1174356,-0.39%
17-Dec-24,532.85,540,540.45,530.35,1754369,-1.34%
16-Dec-24,540.1,548,550.45,539.25,1016683,-1.41%
13-Dec-24,547.8,540.9,550,537.9,2150181,1.26%
12-Dec-24,541,541,544.25,536.65,1103461,-0.06%
11-Dec-24,541.35,538.1,545.3,538.1,869855,0.03%
10-Dec-24,541.2,546.25,547,538.1,1667380,-1.44%
09-Dec-24,549.1,538,557,537.2,1732714,1.35%
06-Dec-24,541.8,540.45,544.65,536.3,1032518,0.25%
05-Dec-24,540.45,537.45,543.9,534.9,1629867,1.12%
04-Dec-24,534.45,523.95,536.9,518.75,1521606,2.49%
03-Dec-24,521.45,515.4,524.75,513.85,725837,1.50%
02-Dec-24,513.75,509.9,516.2,506.35,706642,0.80%
29-Nov-24,509.65,509.8,511.85,504.4,832397,-0.15%
28-Nov-24,510.4,513.15,515,506.1,821040,-0.54%
27-Nov-24,513.15,519.95,522.4,509,1041251,-1.31%
26-Nov-24,519.95,505.35,521.35,504.35,1562417,3.21%
25-Nov-24,503.8,495.1,508.15,495.1,1334995,1.78%
22-Nov-24,495,481.3,496.1,479.9,1105580,2.85%
21-Nov-24,481.3,479,486.25,477.15,878039,-1.02%
19-Nov-24,486.25,471.8,491.35,471,1562532,3.01%
18-Nov-24,472.05,471.3,477.9,465.6,1013363,-0.68%
14-Nov-24,475.3,449.95,478.55,448.15,4069068,4.10%
13-Nov-24,456.6,468.85,472.35,454.9,1567349,-3.13%
12-Nov-24,471.35,483.3,487.35,470.35,1268350,-2.46%
11-Nov-24,483.25,491.55,493.45,481.05,1150891,-1.59%
08-Nov-24,491.05,497.5,499.7,486.55,701717,-1.30%
07-Nov-24,497.5,492.8,498.4,492,1144341,1.45%
06-Nov-24,490.4,482.95,491.8,479.25,902846,1.65%
05-Nov-24,482.45,485.2,490.35,474.75,1014214,-0.57%
04-Nov-24,485.2,502.95,504,480.1,1707365,-3.58%
01-Nov-24,503.2,499.25,505.5,499.25,198515,-0.35%
31-Oct-24,504.95,497.4,508,494.65,1063823,1.48%
30-Oct-24,497.6,498.25,505.35,495.35,1207029,-0.29%
29-Oct-24,499.05,487.3,500.4,478.1,1355140,2.60%
28-Oct-24,486.4,481.1,490.6,479.75,611546,1.32%
25-Oct-24,480.05,488.05,491.05,474.25,1156896,-1.53%
24-Oct-24,487.5,498,498,483.2,1335924,-1.28%
23-Oct-24,493.8,497,505.45,490,1457774,-0.66%
22-Oct-24,497.1,512.5,513,493.45,1449912,-2.59%
21-Oct-24,510.3,506.65,514.4,502.9,1264960,0.90%
18-Oct-24,505.75,495,510.9,494.95,1892408,0.30%
17-Oct-24,504.25,521.9,521.9,502.6,1451399,-2.80%
16-Oct-24,518.8,515.75,522.9,508.45,1468467,0.74%
15-Oct-24,515,507.3,518.7,505.85,2520223,2.27%
14-Oct-24,503.55,505,506.65,500.3,565136,-0.30%
11-Oct-24,505.05,507,510.95,501.25,914550,-0.25%
10-Oct-24,506.3,508,509.65,503.05,971249,-0.17%
09-Oct-24,507.15,515,519.35,505.75,1901453,-0.35%
08-Oct-24,508.95,493.35,511,491.4,1904743,1.33%
07-Oct-24,502.25,511.6,515,498.8,1811289,-1.82%
04-Oct-24,511.55,525,526.7,508.65,2664861,-2.71%
03-Oct-24,525.8,531.2,550,523.65,2536501,-4.53%
01-Oct-24,550.75,548.95,552.15,546.2,1285872,0.53%
30-Sep-24,547.85,547.5,551,538.5,1379284,0.05%
27-Sep-24,547.55,550,555.9,545,3442227,-2.96%
26-Sep-24,564.25,545,584.9,537.4,3348655,3.62%
25-Sep-24,544.55,535,549.3,535,7034413,3.01%
24-Sep-24,528.65,520,530.5,517.65,1633423,1.65%
23-Sep-24,520.05,516.95,522.95,515.8,848202,0.86%
20-Sep-24,515.6,518.45,521.6,512.8,1691024,-0.55%
19-Sep-24,518.45,512.7,519.85,505.65,1819180,1.48%
18-Sep-24,510.9,518.25,521,507.65,1013982,-1.42%
17-Sep-24,518.25,527.9,527.9,515.05,1558438,-1.54%
16-Sep-24,526.35,529.7,534.1,519.1,2222664,-0.07%
13-Sep-24,526.7,520.8,531.35,517,1926342,1.67%
12-Sep-24,518.05,525.05,528.5,515.7,1652747,-1.07%
11-Sep-24,523.65,523,526.3,515.1,2109435,0.96%
10-Sep-24,518.65,514.85,520.9,512.65,1291556,1.23%
09-Sep-24,512.35,507,513,499.1,2001905,0.91%
06-Sep-24,507.75,512.05,513.9,499.75,2354990,-0.83%
05-Sep-24,512,512.9,515.5,509.1,1525806,0.65%
04-Sep-24,508.7,500.1,509.7,500.1,2143460,1.15%
03-Sep-24,502.9,500,503.95,497.7,1304842,0.71%
02-Sep-24,499.35,494.05,500.25,492.8,1146829,1.31%
30-Aug-24,492.9,495.75,498.7,491.6,2065720,0.11%
29-Aug-24,492.35,497.5,500.5,485,2589238,-1.04%
28-Aug-24,497.5,504.6,506.4,496,1022790,-1.37%
27-Aug-24,504.4,503.9,512,503,2140553,0.39%
26-Aug-24,502.45,510,511.3,501.05,1014998,-1.21%
23-Aug-24,508.6,507.6,511.75,501.6,1160888,0.20%
22-Aug-24,507.6,500.5,510.85,500.5,1146477,0.27%
21-Aug-24,506.25,500.95,508.5,500.05,2794620,1.44%
20-Aug-24,499.05,485,499.85,483.65,3164460,3.32%
19-Aug-24,483,486.6,488.8,482.2,1262033,-0.44%
16-Aug-24,485.15,490,491.55,480.05,1682594,-0.26%
14-Aug-24,486.4,483,489.3,477.15,1512958,0.21%
13-Aug-24,485.4,495.75,495.75,482.8,1443176,-1.64%
12-Aug-24,493.5,491.85,497.4,487.2,1950474,0.34%
09-Aug-24,491.85,510,510,489.7,4084029,-3.84%
08-Aug-24,511.5,509,516.2,505,6058675,-1.67%
07-Aug-24,520.2,520.25,526.95,515.25,1817252,0.94%
06-Aug-24,515.35,523.95,532.5,512.8,1205402,-1.59%
05-Aug-24,523.7,527.9,536.55,519,1741274,-2.41%
02-Aug-24,536.65,544.95,551.9,535.5,2286266,-2.71%
01-Aug-24,551.6,556.45,560,545.55,1683013,-0.74%
31-Jul-24,555.7,561.35,562.35,555,1230173,-0.71%
30-Jul-24,559.65,551,568.05,543.65,3711263,1.43%
29-Jul-24,551.75,557,564.6,546,2850913,0.25%
26-Jul-24,550.4,544.3,558.5,532.5,5476585,2.50%
25-Jul-24,537,535,541.5,531.25,1848936,-0.42%
24-Jul-24,539.25,518.55,541,516.35,2424545,3.98%
23-Jul-24,518.6,525.4,526.2,500.5,2977480,-1.29%
22-Jul-24,525.4,524,528.75,519.65,1510500,-0.04%
19-Jul-24,525.6,538,538,501.55,13115529,-4.43%
18-Jul-24,549.95,550.45,555.15,544.9,5415470,-0.09%
16-Jul-24,550.45,542.7,553.9,540,5548382,1.98%
15-Jul-24,539.75,525,547.9,522.5,9379442,4.04%
12-Jul-24,518.8,527.05,527.65,518,1113874,-1.44%
11-Jul-24,526.4,530,532.4,525.5,1190567,-0.27%
10-Jul-24,527.85,542.35,542.45,518.45,3199536,-1.69%
09-Jul-24,536.9,524.55,541.8,522.55,4915377,2.79%
08-Jul-24,522.35,527.1,533.5,520,2084124,-0.38%
05-Jul-24,524.35,525,532.5,521,2008857,-0.79%
04-Jul-24,528.5,533.4,534.5,522.9,2987714,-1.18%
03-Jul-24,534.8,538,539.65,528.6,2004346,-0.13%
02-Jul-24,535.5,547.45,550.15,533.85,2740659,-1.91%
01-Jul-24,545.9,543.7,549.5,534.55,3427707,0.74%
28-Jun-24,541.9,518,547.6,516.55,11400917,4.70%
27-Jun-24,517.55,518,522,510.25,3845267,-0.04%
26-Jun-24,517.75,525,527.85,515,6268773,-0.29%
25-Jun-24,519.25,500.8,521,496.35,8427606,4.03%
24-Jun-24,499.15,501,501,488.4,3168748,-0.58%
21-Jun-24,502.05,496.95,507,490.45,5309186,1.62%
20-Jun-24,494.05,485,495.9,483.4,4238014,1.94%
19-Jun-24,484.65,486,489,479.65,3228626,-0.03%
18-Jun-24,484.8,477.25,488.65,477,3169655,1.75%
14-Jun-24,476.45,476.7,479.15,472.1,1748591,-0.05%
13-Jun-24,476.7,478.25,481.8,475.95,1644139,-0.25%
12-Jun-24,477.9,481.35,484.95,475.3,2130425,-0.72%
11-Jun-24,481.35,487.15,488,480.4,2186575,-1.19%
10-Jun-24,487.15,486.05,488.4,481.75,2132005,0.43%
07-Jun-24,485.05,474,486.55,470.1,3264588,2.98%
06-Jun-24,471,474,474,466.25,2364537,0.18%
05-Jun-24,470.15,454,473.4,447.4,2206982,4.15%
04-Jun-24,451.4,476.6,476.65,429,3876955,-5.30%
03-Jun-24,476.65,477,479.75,469.1,2122390,2.84%
31-May-24,463.5,470,476,461.95,3935307,-0.48%
30-May-24,465.75,471.05,477.6,463,4052768,-1.13%
29-May-24,471.05,470.25,472,466.4,2459093,-0.61%
28-May-24,473.95,476.95,479.7,471.15,2887519,-0.63%
27-May-24,476.95,481.7,483,473.95,5617854,-0.98%
24-May-24,481.65,483.45,487.6,480.4,1703680,-0.37%
23-May-24,483.45,493.7,493.7,481.2,2904558,-1.49%
22-May-24,490.75,502,510,480.4,9506341,1.69%
21-May-24,482.6,492.6,493,478.35,3001710,-2.03%
18-May-24,492.6,491.5,498.6,490.85,218794,0.67%
17-May-24,489.3,490.1,501.1,486,3731519,0.24%
16-May-24,488.15,484.9,508.3,479.05,15576619,2.96%
15-May-24,474.1,460,481.9,459,11896368,-0.01%
14-May-24,474.15,477.1,481.5,469.1,1964775,-0.77%
13-May-24,477.85,484.95,485.65,472.8,999769,-0.60%
10-May-24,480.75,479.9,482.95,466.9,1246498,0.46%
09-May-24,478.55,481.75,485.35,476,1492554,-0.14%
08-May-24,479.2,473.05,484.35,472.8,1248973,0.18%
07-May-24,478.35,484,486,473.2,1431009,-0.90%
06-May-24,482.7,506,506,479.5,2692166,-3.95%
03-May-24,502.55,505,510.9,495.1,2947783,-2.10%
02-May-24,513.35,513.85,518.8,510.2,1486206,0.64%
30-Apr-24,510.1,497.45,517,495.1,5403633,3.12%
29-Apr-24,494.65,495.7,505.5,488.1,1830142,0.46%
26-Apr-24,492.4,500.45,501.3,489.8,1266683,-1.38%
25-Apr-24,499.3,485.95,501,483.5,1971088,2.62%
24-Apr-24,486.55,489.35,490.4,484.75,928098,0.03%
23-Apr-24,486.4,482.9,490.45,480.5,1449810,1.32%
22-Apr-24,480.05,476,494.15,475.45,3589441,1.40%
19-Apr-24,473.4,465,477.25,460.15,1677526,0.04%
18-Apr-24,473.2,480.1,485.4,470.25,1826053,-0.91%
16-Apr-24,477.55,464.35,480.9,457.5,2466801,0.90%
15-Apr-24,473.3,472,480.6,462.65,1607704,-1.87%
12-Apr-24,482.3,488.7,488.95,480.25,1955613,-1.32%
10-Apr-24,488.75,472,491.1,472,4950136,4.02%
09-Apr-24,469.85,472,472,464.5,1399936,-0.01%
08-Apr-24,469.9,473.35,473.95,467.3,1551758,0.31%
05-Apr-24,468.45,459.05,469.95,452.8,2777318,1.87%
04-Apr-24,459.85,472.4,474.75,458.95,1977977,-1.88%
03-Apr-24,468.65,472.85,472.85,467,1304780,-0.31%
02-Apr-24,470.1,466.8,474,464.6,2290801,1.03%
01-Apr-24,465.3,468.95,472.75,463,2061868,-0.25%
28-Mar-24,466.45,468,470.65,462.7,1161982,-0.27%
27-Mar-24,467.7,472,476.45,466.3,1248009,-0.80%
26-Mar-24,471.45,469.5,474.25,465.1,1494231,0.66%
22-Mar-24,468.35,463,471.35,457.2,1670126,1.59%
21-Mar-24,461,456.6,462.75,453.6,1351780,1.98%
20-Mar-24,452.05,459.7,459.7,444,1714931,-0.64%
19-Mar-24,454.95,458,458,441.65,2469179,-0.69%
18-Mar-24,458.1,475,475.9,457.2,5046215,-3.14%
15-Mar-24,472.95,501.1,503.35,470.7,2923532,-5.89%
14-Mar-24,502.55,493.35,505.55,481.75,2421237,2.12%
13-Mar-24,492.1,510.45,514.55,489,2850815,-2.96%
12-Mar-24,507.1,508,512.4,500.7,2396316,-0.70%
11-Mar-24,510.65,519.8,519.8,499.35,3071219,-1.17%
07-Mar-24,516.7,536.5,536.5,515.55,2393023,-3.47%
06-Mar-24,535.3,542,542.95,524.85,1088131,-1.24%
05-Mar-24,542,536.45,546,534.05,2474793,1.29%
04-Mar-24,535.1,530.55,537.85,521.7,1620165,0.73%
02-Mar-24,531.2,532,533.4,528.65,118708,0.26%
01-Mar-24,529.8,519.45,532.6,519.45,1375573,2.18%
29-Feb-24,518.5,509.7,521,505.6,1504165,2.17%
28-Feb-24,507.5,518.4,522.1,505.65,1012079,-2.04%
27-Feb-24,518.05,526.25,528.35,515.55,873528,-1.56%
26-Feb-24,526.25,524.5,530.05,519.65,1059568,0.48%
23-Feb-24,523.75,524,528.05,520.75,736032,0.17%
22-Feb-24,522.85,519.5,524.55,513.1,716238,1.28%
21-Feb-24,516.25,521,525,514,846319,-0.38%
20-Feb-24,518.2,531,532.8,516.05,1786636,-2.56%
19-Feb-24,531.8,530,537.2,527.05,1638779,0.60%
16-Feb-24,528.65,524.45,532.45,522,1555307,1.56%
15-Feb-24,520.55,522.6,525,517.05,1429181,0.50%
14-Feb-24,517.95,508,520,502.85,1572177,1.40%
13-Feb-24,510.8,515.95,518.2,504.05,1283153,-0.36%
12-Feb-24,512.65,518,520.95,508.25,2572741,0.54%
09-Feb-24,509.9,532,532,499.85,4008573,-5.36%
08-Feb-24,538.8,556,557.9,537.55,2207877,-2.43%
07-Feb-24,552.2,556,556.7,547.25,999927,-0.14%
06-Feb-24,553,549.5,554.95,546,1628120,1.37%
05-Feb-24,545.5,541.5,552.35,539.7,1330649,1.07%
02-Feb-24,539.7,539.9,544.7,536.85,895826,1.08%
01-Feb-24,533.95,544,544,533,1821545,-1.21%
31-Jan-24,540.5,535.8,547.85,525.1,3944608,1.60%
30-Jan-24,532,531.2,537.45,526.2,1734251,0.90%
29-Jan-24,527.25,518,528.95,515.15,1328581,1.86%
25-Jan-24,517.6,528.1,528.65,512.85,1623437,-1.55%
24-Jan-24,525.75,513.2,526.85,508.95,1694554,3.01%
23-Jan-24,510.4,525.95,532,508.4,2409894,-2.77%
20-Jan-24,524.95,502,545.65,499.55,6024216,4.27%
19-Jan-24,503.45,503.95,504.5,494.55,2351287,0.68%
18-Jan-24,500.05,473.2,506.3,468.3,8869857,6.00%
17-Jan-24,471.75,468,482.85,465.55,2717197,-0.18%
16-Jan-24,472.6,471.95,476.8,467.1,1690869,0.06%
15-Jan-24,472.3,471.95,473.65,467.25,1006054,0.78%
12-Jan-24,468.65,471.8,472.55,464.15,1848945,-0.05%
11-Jan-24,468.9,469,474.4,467,2517234,0.47%
10-Jan-24,466.7,468.45,469.95,462.5,1704422,-0.35%
09-Jan-24,468.35,458.05,471,458.05,4395480,2.99%
08-Jan-24,454.75,461.45,462,453.75,1209682,-1.25%
05-Jan-24,460.5,452.55,465,450.2,4674473,2.58%
04-Jan-24,448.9,460,460,447.25,2539469,-1.93%
03-Jan-24,457.75,456,460.55,453.55,1161847,0.28%
02-Jan-24,456.45,454,457.95,448.25,2359662,0.71%
01-Jan-24,453.25,456.45,456.45,450.55,1679801,-0.18%
29-Dec-23,454.05,439.95,455.15,439.05,3264903,3.45%
28-Dec-23,438.9,437.5,441.95,436.25,3217689,0.75%
27-Dec-23,435.65,431.15,442.5,431.15,2889653,1.23%
26-Dec-23,430.35,429.7,431.2,425.25,1600917,0.65%
22-Dec-23,427.55,434,436.05,424.4,1682246,-0.63%
21-Dec-23,430.25,427.95,437.5,419.25,4260102,-0.24%
20-Dec-23,431.3,460,460.35,427.35,4042560,-5.28%
19-Dec-23,455.35,464.5,485,454,12188346,0.51%
18-Dec-23,453.05,453.65,457,448,1175762,0.55%
15-Dec-23,450.55,454,465.75,446.45,2853749,-0.07%
14-Dec-23,450.85,450.1,464.65,443.75,3150400,1.17%
13-Dec-23,445.65,454,456.55,441.85,1530566,-0.93%
12-Dec-23,449.85,452.9,457.75,447.55,1339067,-0.16%
11-Dec-23,450.55,458,460.6,449.6,1284846,-1.74%
08-Dec-23,458.55,458.45,465.85,453.4,2768845,0.75%
07-Dec-23,455.15,463.45,475.7,451.3,3288285,-1.58%
06-Dec-23,462.45,461.95,465,458.35,1904702,0.83%
05-Dec-23,458.65,455,461.8,448.65,3237324,1.93%
04-Dec-23,449.95,449.4,450.75,442.45,2696584,1.70%
01-Dec-23,442.45,431.05,445.8,431.05,4870523,3.52%
30-Nov-23,427.4,426.75,430.45,425,1791963,0.31%
29-Nov-23,426.1,425,426.9,421.3,1207141,0.83%
28-Nov-23,422.6,416.5,423.35,414.6,716242,1.93%
24-Nov-23,414.6,420.8,421.95,413.95,1137441,-1.51%
23-Nov-23,420.95,420.85,423.2,419.4,585289,0.02%
22-Nov-23,420.85,424.6,425.15,417.05,672426,-0.88%
21-Nov-23,424.6,425.85,428.6,423.75,898555,-0.29%
20-Nov-23,425.85,433,433.15,421.15,1188556,-1.19%
17-Nov-23,431,430,435,429,1542514,0.74%
16-Nov-23,427.85,428.95,432.4,425.1,2030076,-0.11%
15-Nov-23,428.3,417,429.15,416,2601327,3.09%
13-Nov-23,415.45,418.95,418.95,414.05,1466163,-0.91%
12-Nov-23,419.25,422.15,423.2,417.2,643472,0.13%
10-Nov-23,418.7,417.85,419.5,412.9,1716232,0.20%
09-Nov-23,417.85,412,427.8,412,10390383,1.84%
08-Nov-23,410.3,391,412.5,391,17051533,6.82%
07-Nov-23,384.1,393.4,393.4,382,3175840,-2.26%
06-Nov-23,393,387.2,394.45,385.35,1910913,2.26%
03-Nov-23,384.3,388,390,383,889186,-0.80%
02-Nov-23,387.4,387,389.7,383,1826171,1.76%
01-Nov-23,380.7,383.85,386.5,380.1,850542,-0.16%
31-Oct-23,381.3,376.55,382.75,375.25,1049364,1.91%
30-Oct-23,374.15,377.9,377.9,370.6,541858,-0.39%
27-Oct-23,375.6,371.85,377.55,371.75,779238,1.31%
26-Oct-23,370.75,374.3,374.3,368.1,1509438,-1.05%
25-Oct-23,374.7,376.5,378.7,371.1,1038613,-0.08%
23-Oct-23,375,383.35,385.4,371.7,1391548,-2.33%
20-Oct-23,383.95,382.95,386.4,379.2,1309227,-0.27%
19-Oct-23,385,382,386.25,378.1,2359339,0.57%
18-Oct-23,382.8,390,390,381.65,2846103,-1.82%
17-Oct-23,389.9,389,394.5,386.9,8622451,2.44%
16-Oct-23,380.6,379.55,381.75,373.3,2283521,-0.25%
13-Oct-23,381.55,379,382.4,376,2264580,0.59%
12-Oct-23,379.3,379.15,383.85,377.5,2387602,0.33%
11-Oct-23,378.05,378,380.3,372.9,2343892,0.76%
10-Oct-23,375.2,373.4,378,372.25,1271420,1.10%
09-Oct-23,371.1,372.8,375.8,368.1,2405714,-2.44%
06-Oct-23,380.4,373.45,382.15,372.7,3020445,2.12%
05-Oct-23,372.5,372.85,376,369.3,1835375,0.57%
04-Oct-23,370.4,371.45,371.45,366,1267442,-0.40%
03-Oct-23,371.9,369.55,372.5,367.1,1852792,0.88%
29-Sep-23,368.65,369.95,375.2,368.15,1554249,0.39%
28-Sep-23,367.2,377,377.2,365,2395030,-2.47%
27-Sep-23,376.5,372.3,378,370,1428700,1.61%
26-Sep-23,370.55,378.8,380.5,369.95,2786441,-1.83%
25-Sep-23,377.45,373.7,378.25,372.25,1564689,1.53%
22-Sep-23,371.75,368.8,374.5,366.35,2440598,0.80%
21-Sep-23,368.8,369.05,373.35,366.7,5080181,-2.68%
20-Sep-23,378.95,370,379.85,370,2135884,1.58%
18-Sep-23,373.05,377.5,379,372.05,4073235,-0.89%
15-Sep-23,376.4,384,391.1,375.3,4544616,-1.61%
14-Sep-23,382.55,386,388,381,2576062,-0.64%
13-Sep-23,385,378.5,386.7,376.85,1772526,1.00%
12-Sep-23,381.2,385,386.65,378,1699720,-0.63%
11-Sep-23,383.6,384,385.5,382,1285174,0.51%
08-Sep-23,381.65,386.75,386.75,381.05,1330195,-0.69%
07-Sep-23,384.3,381,387.6,380.2,1920479,0.54%
06-Sep-23,382.25,382.5,384.85,371.25,3106579,-0.35%
05-Sep-23,383.6,390.35,390.85,380.7,3094206,-1.60%
04-Sep-23,389.85,386.9,390.3,383.55,1811974,1.33%
01-Sep-23,384.75,388,390.55,383.8,2601429,-0.94%
31-Aug-23,388.4,393.2,393.2,387.05,1718513,-0.63%
30-Aug-23,390.85,390.75,394.9,389,1690826,0.31%
29-Aug-23,389.65,392.7,397.75,388.5,2358611,-0.50%
28-Aug-23,391.6,390,393.35,386,1805330,0.63%
25-Aug-23,389.15,395.4,398,388,2270218,-1.63%
24-Aug-23,395.6,397.3,399.65,393.1,1713038,0.57%
23-Aug-23,393.35,392,396,387.15,2530723,-0.15%
22-Aug-23,393.95,398.75,401.5,392.05,1889753,-1.22%
21-Aug-23,398.8,392,399.8,390.15,1265957,1.83%
18-Aug-23,391.65,391.4,396.45,384.6,2682279,-0.01%
17-Aug-23,391.7,396.35,398.9,389.45,1766781,-1.17%
16-Aug-23,396.35,398.7,399.15,390.6,1570571,-0.79%
14-Aug-23,399.5,396,401.35,386.7,3900528,0.92%
11-Aug-23,395.85,429,429,392.55,9477294,-8.27%
10-Aug-23,431.55,438,438.35,430,999295,-1.60%
09-Aug-23,438.55,437.9,439.85,434.15,586045,0.10%
08-Aug-23,438.1,435.95,439.4,431.5,933720,0.75%
07-Aug-23,434.85,440.85,440.85,431.4,1009390,-0.56%
04-Aug-23,437.3,433.9,440.9,428.1,2211786,1.33%
03-Aug-23,431.55,423,433,421,1254172,1.60%
02-Aug-23,424.75,424.25,431.7,419.1,1793026,-0.59%
01-Aug-23,427.25,433.75,438,423.55,1731940,-1.28%
31-Jul-23,432.8,424,433.8,420,2241780,2.00%
28-Jul-23,424.3,420.8,425,417.4,1159058,1.08%
27-Jul-23,419.75,424.95,426.5,418.3,1627575,-1.37%
26-Jul-23,425.6,423.5,430.5,422.05,3050002,1.31%
25-Jul-23,420.1,417.2,420.8,414,1271283,1.30%
24-Jul-23,414.7,418.55,422.95,413.45,1160559,-0.92%
21-Jul-23,418.55,418.5,421.85,416.3,833310,-0.24%
20-Jul-23,419.55,421.1,421.85,417.4,863755,-0.14%
19-Jul-23,420.15,421.75,422.05,414.3,1291722,-0.02%
18-Jul-23,420.25,417.9,426.6,415.3,3304746,1.03%
17-Jul-23,415.95,417.4,418.65,412.05,1203019,0.04%
14-Jul-23,415.8,422.9,424.45,413.45,1639042,-2.06%
13-Jul-23,424.55,434,434.4,423.3,1160649,-1.86%
12-Jul-23,432.6,433.35,436.5,431,1683722,-0.17%
11-Jul-23,433.35,431.95,433.95,426.25,2351049,1.05%
10-Jul-23,428.85,422,430.9,419.4,4588816,2.56%
07-Jul-23,418.15,415,422.25,410.85,4806357,1.76%
06-Jul-23,410.9,398,413.25,396.85,3843036,2.97%
05-Jul-23,399.05,398,400.65,394.05,1348900,0.43%
04-Jul-23,397.35,399,399.7,395.15,1095037,0.09%
03-Jul-23,397,397,402.3,396,2631061,-2.39%
30-Jun-23,406.7,411.25,412.6,404,2421632,-0.67%
28-Jun-23,409.45,401.95,417.8,396.5,3942436,2.58%
27-Jun-23,399.15,406.45,409.95,397.8,3227313,-1.14%
26-Jun-23,403.75,418.7,418.7,399.45,3398449,-2.92%
23-Jun-23,415.9,416.9,420.65,410.45,2593725,0.19%
22-Jun-23,415.1,421.45,427.6,413.2,3965592,-1.04%
21-Jun-23,419.45,409.8,422,409.5,2950591,2.57%
20-Jun-23,408.95,407.5,410.75,405.2,1055318,0.48%
19-Jun-23,407,412.85,412.85,405.25,1065984,-1.12%
16-Jun-23,411.6,409.7,413,408.6,1126995,1.04%
15-Jun-23,407.35,407.95,414.55,403.05,1992061,-0.21%
14-Jun-23,408.2,409.3,409.5,405.75,861858,-0.09%
13-Jun-23,408.55,409.5,410.6,404.25,1713166,0.43%
12-Jun-23,406.8,407.95,408.6,404.25,1753255,0.37%
09-Jun-23,405.3,396.95,406.5,396.5,4097632,2.30%
08-Jun-23,396.2,392.25,399.85,390,1991553,0.49%
07-Jun-23,394.25,392.35,398.5,391.6,2850595,0.68%
06-Jun-23,391.6,393,393.45,390,1078428,0.06%
05-Jun-23,391.35,393.15,396.75,390.3,842797,-0.15%
02-Jun-23,391.95,392,393.5,388.35,1184325,0.24%
01-Jun-23,391,391.7,393.45,388.85,815217,0.05%
31-May-23,390.8,385.65,392.3,385.05,1403719,1.34%
30-May-23,385.65,391.05,392,384,1445958,-1.70%
29-May-23,392.3,393.3,395.95,390.1,1654415,-0.05%
26-May-23,392.5,389.8,393.9,389.2,1949600,0.85%
25-May-23,389.2,382.95,390,380,2487583,1.41%
24-May-23,383.8,379.5,385,376.7,3259370,1.24%
23-May-23,379.1,370,380.65,368.05,4118807,2.57%
22-May-23,369.6,365.7,371.6,363.4,1784711,0.65%
19-May-23,367.2,371.35,371.35,360.7,1835070,-0.51%
18-May-23,369.1,371.9,373.35,367,3293186,0.00%
17-May-23,369.1,367.95,371,365,2194687,0.87%
16-May-23,365.9,363,373.45,359,4562352,0.83%
15-May-23,362.9,369.9,369.9,360.55,2980168,-1.40%
12-May-23,368.05,369,372.95,367.6,5705146,-0.15%
11-May-23,368.6,371.7,373.2,365.65,4603092,0.00%
10-May-23,368.6,370,377.5,364.55,11482573,-3.41%
09-May-23,381.6,377.45,383.3,375,6585578,1.42%
08-May-23,376.25,370,377.3,367.05,3930879,1.99%
05-May-23,368.9,361.55,371.8,359.1,4033463,2.54%
04-May-23,359.75,357.95,365,356.35,3839531,1.24%
03-May-23,355.35,347.05,357,344.5,3760025,2.64%
02-May-23,346.2,348,348.55,344.65,1588048,-0.20%
28-Apr-23,346.9,344,353.3,342,3535675,1.60%
27-Apr-23,341.45,335.05,342.75,333.4,1931229,1.97%
26-Apr-23,334.85,331.7,335.4,328.1,1942987,1.47%
25-Apr-23,330,332.75,333.75,329.4,769557,-0.63%
24-Apr-23,332.1,334,337.9,331.5,1518113,-0.57%
21-Apr-23,334,334.7,337.4,333.1,1445953,-0.21%
20-Apr-23,334.7,333.15,335.35,331.9,891486,0.66%
19-Apr-23,332.5,332,336.5,331.2,1969414,0.09%
18-Apr-23,332.2,325.5,335.2,324.75,4934182,2.11%
17-Apr-23,325.35,324.25,326.9,323.05,1107718,0.37%
13-Apr-23,324.15,325.15,325.8,320.35,897691,0.03%
12-Apr-23,324.05,323.45,327.65,323.25,2196682,0.37%
11-Apr-23,322.85,329.95,329.95,319,3428685,-1.68%
10-Apr-23,328.35,319.9,329.1,317.65,1984551,2.91%
06-Apr-23,319.05,320.1,322.95,318.6,762865,-0.84%
05-Apr-23,321.75,322.8,323.65,320.5,710747,-0.33%
03-Apr-23,322.8,319.85,323.3,315,1152811,0.91%
31-Mar-23,319.9,313.1,321,312,2701524,2.70%
29-Mar-23,311.5,306.7,313.75,305.25,2879575,1.42%
28-Mar-23,307.15,305.65,308.8,305.3,989912,0.02%
27-Mar-23,307.1,306.55,310.55,303.5,1263044,0.34%
24-Mar-23,306.05,311.5,313.45,305.2,2721241,-1.24%
23-Mar-23,309.9,315,315.15,309.15,1387433,-1.67%
22-Mar-23,315.15,317.5,319.5,313.2,1016366,-0.58%
21-Mar-23,317,313.1,318.6,305.95,1822097,1.78%
20-Mar-23,311.45,309.95,311.95,304.6,1722665,0.89%
17-Mar-23,308.7,310.05,311.05,306.4,972728,-0.08%
16-Mar-23,308.95,308.9,311.5,305.75,1675202,0.26%
15-Mar-23,308.15,310,312.25,307.15,1061050,0.13%
14-Mar-23,307.75,308,311.3,303.35,1335168,0.31%
13-Mar-23,306.8,313.45,313.55,304.55,1160542,-1.67%
10-Mar-23,312,313.35,313.35,306.1,2162817,-0.70%
09-Mar-23,314.2,323.1,324.85,313.55,1493511,-2.42%
08-Mar-23,322,319.3,324.8,318,2016020,0.85%
06-Mar-23,319.3,316,320.65,315.4,1056606,1.09%
03-Mar-23,315.85,314,317.7,310.5,2205652,0.61%
02-Mar-23,313.95,316.2,317.15,313.3,857188,-0.71%
01-Mar-23,316.2,314,317.35,311.75,1199802,0.91%
28-Feb-23,313.35,315.65,321.3,312.35,2360674,-0.32%
27-Feb-23,314.35,318.65,319.3,309.45,1693961,-1.35%
24-Feb-23,318.65,329.5,330,314.7,2294583,-2.81%
23-Feb-23,327.85,329.45,330.9,325.75,2167454,-0.24%
22-Feb-23,328.65,328.85,329.75,325.2,1864934,-0.18%
21-Feb-23,329.25,330.8,333.9,327.5,996302,-0.33%
20-Feb-23,330.35,332,334,327.4,2761417,-0.18%
17-Feb-23,330.95,334.15,336.5,329.65,1704718,-0.96%
16-Feb-23,334.15,327.85,335.7,327,2062059,1.94%
15-Feb-23,327.8,327.5,329.9,325.75,2024744,0.03%
14-Feb-23,327.7,331.95,332.2,325.1,1213411,-1.04%
13-Feb-23,331.15,330,332.85,327.4,1287043,0.30%
10-Feb-23,330.15,333.4,335.5,327.6,1284465,-0.99%
09-Feb-23,333.45,332.65,337,331.3,2196089,0.24%
08-Feb-23,332.65,329.75,333.7,327.65,1835770,1.39%
07-Feb-23,328.1,339.85,339.85,325.1,4209719,-3.02%
06-Feb-23,338.3,330.2,340,327.3,3947224,2.45%
03-Feb-23,330.2,335,343.05,319.45,8825502,-0.38%
02-Feb-23,331.45,329.95,337,326.25,3482811,0.61%
01-Feb-23,329.45,322.3,336.4,321.35,8286501,2.57%
31-Jan-23,321.2,313.4,324,313.2,3528721,3.00%
30-Jan-23,311.85,307.15,315.45,306.8,4045915,1.15%
27-Jan-23,308.3,323.5,323.5,304.9,3650520,-4.34%
25-Jan-23,322.3,321,324.35,317,3455839,0.48%
24-Jan-23,320.75,317.1,322.5,316.3,2715461,1.46%
23-Jan-23,316.15,311.8,317.65,310.5,2367258,1.40%
20-Jan-23,311.8,319.25,319.9,311,1874396,-2.04%
19-Jan-23,318.3,322.75,323.75,316.35,1519717,-1.55%
18-Jan-23,323.3,319.95,324.95,319.35,2129497,1.27%
17-Jan-23,319.25,318,320.3,315.25,1389647,0.49%
16-Jan-23,317.7,322,323.95,317,1617910,-0.97%
13-Jan-23,320.8,318.3,323,317,2637954,1.20%
12-Jan-23,317,318.95,319.4,315.25,2789739,-0.69%
11-Jan-23,319.2,326,326.95,318.05,2598658,-2.06%
10-Jan-23,325.9,327.9,329.4,323.35,2303256,-0.40%
09-Jan-23,327.2,330,331.9,323.75,3224407,-0.17%
06-Jan-23,327.75,339.95,339.95,326.45,6218095,-3.10%
05-Jan-23,338.25,321.9,339.5,321.7,11848529,5.69%
04-Jan-23,320.05,326.9,327.3,315.4,3016870,-1.64%
03-Jan-23,325.4,329,330.7,324.35,3036393,-0.87%
02-Jan-23,328.25,324.3,329,323.75,1011815,1.22%
30-Dec-22,324.3,328.9,329.5,323.25,1613534,-0.67%
29-Dec-22,326.5,320,327.5,317.4,2306713,1.48%
28-Dec-22,321.75,323.85,326.7,319.8,1706586,-0.54%
27-Dec-22,323.5,321.6,325.95,320.5,2689611,0.98%
26-Dec-22,320.35,306.5,321.4,305.1,3012205,3.96%
23-Dec-22,308.15,313.6,314.75,306.7,3345847,-2.58%
22-Dec-22,316.3,319,323.45,313.6,2038444,-0.85%
21-Dec-22,319,329,330.5,317.7,4263341,-2.57%
20-Dec-22,327.4,324.5,328.85,319,2233392,0.89%
19-Dec-22,324.5,323.85,325.3,313.3,3389328,0.45%
16-Dec-22,323.05,320.45,326.55,316.75,3837290,0.14%
15-Dec-22,322.6,318.95,325.3,318.15,3522801,1.02%
14-Dec-22,319.35,318.45,321.25,314,1405239,0.33%
13-Dec-22,318.3,324.7,324.7,317.2,2959479,-1.49%
12-Dec-22,323.1,316,323.65,313.65,3811951,2.26%
09-Dec-22,315.95,319.5,320.2,312.05,2150553,-0.35%
08-Dec-22,317.05,316.25,317.7,311.65,1683435,0.76%
07-Dec-22,314.65,321.95,321.95,313,1747704,-1.43%
06-Dec-22,319.2,317.5,320.4,316,1851704,0.08%
05-Dec-22,318.95,322.2,323.65,317.35,2711201,-0.08%
02-Dec-22,319.2,317.4,320.85,315.4,3277532,1.17%
01-Dec-22,315.5,317.65,321,314.7,4447547,-0.30%
30-Nov-22,316.45,316.85,318,310.7,3736077,0.41%
29-Nov-22,315.15,314.3,318,312.95,7814998,0.78%
28-Nov-22,312.7,296.05,314,296.05,20698755,6.65%
25-Nov-22,293.2,283.55,294.3,283.1,5019984,3.93%
24-Nov-22,282.1,285.15,286.7,280.45,1787377,-0.67%
23-Nov-22,284,283.8,286.45,281.8,2150977,-0.14%
22-Nov-22,284.4,280.45,286,279.5,4001103,1.41%
21-Nov-22,280.45,274.7,281.7,272.7,5378366,2.62%
18-Nov-22,273.3,276.9,281.55,270,5855231,-1.23%
17-Nov-22,276.7,277.75,281,275.15,5588794,-0.23%
16-Nov-22,277.35,298.1,301.95,274.5,16069595,-6.84%
15-Nov-22,297.7,291,303.6,290,16987072,4.33%
14-Nov-22,285.35,291.45,292.1,282.5,2684508,-1.71%
11-Nov-22,290.3,295.5,298.95,288.75,2276331,-1.21%
10-Nov-22,293.85,295,295.45,290.85,1590521,-0.66%
09-Nov-22,295.8,301,302.15,291.1,4248129,-1.65%
07-Nov-22,300.75,289.8,301.6,289.8,5723504,4.10%
04-Nov-22,288.9,286.45,289.6,285,1776393,0.86%
03-Nov-22,286.45,286.85,291.4,284,2123051,-0.76%
02-Nov-22,288.65,291.75,294,287.5,1679080,-1.47%
01-Nov-22,292.95,292.2,294.1,288.15,1986351,0.77%
31-Oct-22,290.7,290.65,293.4,289.15,2333379,0.52%
28-Oct-22,289.2,288.65,291.75,286.35,2360584,0.24%
27-Oct-22,288.5,288,289,284,1692821,0.37%
25-Oct-22,287.45,282.95,290.7,278.8,2651663,2.19%
24-Oct-22,281.3,285,285.5,279.25,405664,-0.16%
21-Oct-22,281.75,284.3,286.3,277.95,2375508,-0.19%
20-Oct-22,282.3,287.2,287.45,279.05,2037246,-1.62%
19-Oct-22,286.95,283.2,291.75,283.2,7796511,2.39%
18-Oct-22,280.25,276.5,282.35,274.75,2958781,1.36%
17-Oct-22,276.5,271.95,277.35,268.1,2046926,1.99%
14-Oct-22,271.1,278.5,279,270.15,1175760,-0.42%
13-Oct-22,272.25,273.7,275.5,268.15,1528929,-0.29%
12-Oct-22,273.05,269,274.35,265.5,2533146,2.15%
11-Oct-22,267.3,271.5,275.85,266.45,3333782,-1.16%
10-Oct-22,270.45,267.5,271.3,263.5,1722106,-0.26%
07-Oct-22,271.15,270.05,272.2,266.8,1554031,-0.51%
06-Oct-22,272.55,273.8,276.35,271.3,2918428,0.06%
04-Oct-22,272.4,268.8,273.35,264.55,5785606,3.20%
03-Oct-22,263.95,279.8,279.9,262,5260992,-5.29%
30-Sep-22,278.7,271.65,279.95,268.15,2723667,2.94%
29-Sep-22,270.75,274.95,277.9,269.6,3696480,-1.02%
28-Sep-22,273.55,270,278.7,267.25,2722366,0.20%
27-Sep-22,273,275.05,278,270.3,3280017,-0.38%
26-Sep-22,274.05,283,283.1,267.3,3953508,-3.93%
23-Sep-22,285.25,289,289.9,281.6,3264445,-0.99%
22-Sep-22,288.1,285.05,289.9,277.35,4234367,0.26%
21-Sep-22,287.35,289.65,295.85,286.55,4099662,-0.29%
20-Sep-22,288.2,292.55,293.35,287.3,2466073,-0.19%
19-Sep-22,288.75,284.3,292.1,281,6526069,2.09%
16-Sep-22,282.85,299.5,303.45,281.45,11351453,-5.61%
15-Sep-22,299.65,281.85,301.55,280.4,14869699,6.56%
14-Sep-22,281.2,274.15,282.85,273.95,2497302,0.61%
13-Sep-22,279.5,284,285.4,278.9,2051904,-1.58%
12-Sep-22,284,274.1,285,273.9,4282678,3.80%
09-Sep-22,273.6,278.7,279.8,272.75,2600993,-1.51%
08-Sep-22,277.8,277,279.75,274.75,3659958,1.11%
07-Sep-22,274.75,271,275.7,269.1,4895373,0.84%
06-Sep-22,272.45,261.9,274.25,258,20003769,7.01%
05-Sep-22,254.6,253.25,255.8,252.65,2298044,1.05%
02-Sep-22,251.95,254.15,256.35,250,3530033,-0.34%
01-Sep-22,252.8,251.25,255.45,249.2,2767609,0.44%
30-Aug-22,251.7,244.4,253.4,243.1,3792772,3.82%
29-Aug-22,242.45,241,243.65,236.45,2717298,-1.16%
26-Aug-22,245.3,248,250.2,245,1502077,-0.55%
25-Aug-22,246.65,252.3,252.9,246.15,1811625,-1.34%
24-Aug-22,250,252,254.5,247.5,2042297,-0.79%
23-Aug-22,252,247.5,253.15,244.8,4114692,0.86%
22-Aug-22,249.85,258.5,260,248.7,2877229,-3.96%
19-Aug-22,260.15,266.4,268.3,259.15,3603948,-2.38%
18-Aug-22,266.5,260,267.35,257.65,5840246,2.50%
17-Aug-22,260,249.2,261.9,249.05,8884401,3.94%
16-Aug-22,250.15,238.1,257.55,235.85,20112566,5.95%
12-Aug-22,236.1,234.75,239.5,231.35,3143149,1.01%
11-Aug-22,233.75,229.75,234.75,229,1683251,2.25%
10-Aug-22,228.6,229,229.8,225.45,1248427,-0.13%
08-Aug-22,228.9,230,232.6,228.1,1178984,-0.48%
05-Aug-22,230,233.45,233.45,228.05,2146494,-0.95%
04-Aug-22,232.2,229.7,233.9,225.3,2680246,1.62%
03-Aug-22,228.5,228,229.15,223.15,1905742,0.51%
02-Aug-22,227.35,222.4,229.65,218.55,4821502,2.36%
01-Aug-22,222.1,220.35,224.5,220.35,2157833,1.00%
29-Jul-22,219.9,218.25,222,217.6,1818463,0.80%
28-Jul-22,218.15,212.65,218.75,210.95,2944272,2.76%
27-Jul-22,212.3,208.3,212.75,206.25,1286108,1.55%
26-Jul-22,209.05,214.4,214.4,208,992654,-2.22%
25-Jul-22,213.8,212.35,215.8,210.65,1575796,0.97%
22-Jul-22,211.75,213.8,215.45,210.35,1407502,-0.66%
21-Jul-22,213.15,212,213.55,210.9,980144,0.35%
20-Jul-22,212.4,213.95,214.75,211.75,1231681,0.12%
19-Jul-22,212.15,209.75,213.5,208.9,1287440,0.24%
18-Jul-22,211.65,212,213.65,209.95,1214398,0.24%
15-Jul-22,211.15,207.95,211.85,207,2534663,2.18%
14-Jul-22,206.65,207.15,209.2,204.5,1200408,-0.24%
13-Jul-22,207.15,207.5,210.25,206.35,1439599,0.34%
12-Jul-22,206.45,206,207.45,204.55,1447158,-0.51%
11-Jul-22,207.5,200.3,209.2,200.3,2145160,2.14%
08-Jul-22,203.15,202.85,205.25,199.8,2784010,0.54%
07-Jul-22,202.05,194.45,203,193.55,5020555,4.80%
06-Jul-22,192.8,187.45,195.05,187.45,3004454,3.57%
05-Jul-22,186.15,191.35,191.55,185.75,1227177,-1.66%
04-Jul-22,189.3,189,191,188.15,1051165,0.13%
01-Jul-22,189.05,185.7,190,184.3,1276512,2.13%
30-Jun-22,185.1,187.5,188.65,184.5,1958789,-0.96%
29-Jun-22,186.9,186.1,187.85,184.85,2263450,-1.06%
28-Jun-22,188.9,186.6,190.25,184,3252373,0.67%
27-Jun-22,187.65,185.4,189.25,183.3,4036877,3.50%
24-Jun-22,181.3,181.25,183,179.9,3491221,1.06%
23-Jun-22,179.4,179.5,184.3,174.4,5974789,-0.08%
22-Jun-22,179.55,179,181.3,176.1,3385696,0.17%
21-Jun-22,179.25,178,180,175.35,3558572,1.59%
20-Jun-22,176.45,176.5,181.75,167.1,5267947,0.51%
17-Jun-22,175.55,176.45,179,172.9,3024259,-0.37%
16-Jun-22,176.2,183,184.8,175,3807016,-5.32%
15-Jun-22,186.1,188.2,188.2,183,2726702,-0.53%
14-Jun-22,187.1,189.65,192.5,186,2177460,-1.32%
13-Jun-22,189.6,198.75,198.75,187.7,3101090,-5.39%
10-Jun-22,200.4,206,206.95,200,2887595,-3.91%
09-Jun-22,208.55,211.95,211.95,206.25,1897437,-1.63%
08-Jun-22,212,211.75,214.8,209.45,1738755,0.52%
07-Jun-22,210.9,215.6,215.6,209.2,1931353,-2.32%
06-Jun-22,215.9,218,220.25,213.25,5773421,-1.10%
03-Jun-22,218.3,223,223.7,217.35,3370883,-1.62%
02-Jun-22,221.9,219.45,222.55,218.1,1876440,0.93%
01-Jun-22,219.85,218.5,221.9,218.5,2615209,0.69%
31-May-22,218.35,219,221.55,217.3,2127628,-0.75%
30-May-22,220,217.5,220.65,217.1,1860634,2.25%
27-May-22,215.15,216,217.7,212.25,1847098,0.77%
26-May-22,213.5,213.2,214.75,207,3168312,0.33%
25-May-22,212.8,217.6,218.95,211.9,1889645,-1.66%
24-May-22,216.4,218.5,220.2,215.35,1796489,-1.12%
23-May-22,218.85,218.4,224.5,217,4656426,0.97%
20-May-22,216.75,216.25,218.75,214.75,2632825,0.70%
19-May-22,215.25,206,219,206,5872245,0.54%
18-May-22,214.1,215,219,213.3,4081629,-0.37%
17-May-22,214.9,209.2,215.7,208,4934672,2.16%
16-May-22,210.35,204.4,211.4,198.75,8673232,4.83%
13-May-22,200.65,195.5,208.45,194,9735027,2.37%
12-May-22,196,194.5,197,190.75,4355672,0.18%
11-May-22,195.65,200.5,200.95,193.25,4078142,-1.56%
10-May-22,198.75,193.15,203.6,193.15,7841294,2.90%
09-May-22,193.15,196,196,189.05,2440942,-1.60%
06-May-22,196.3,194.85,197,192.1,3401145,-1.70%
05-May-22,199.7,203.6,204,199.1,2378186,-0.15%
04-May-22,200,204,206.5,198.5,3633629,-1.28%
02-May-22,202.6,202.2,204,198.5,1842620,-1.17%
29-Apr-22,205,205.2,210.3,204.35,2941052,-0.97%
28-Apr-22,207,213.9,214,206.25,5104715,-1.66%
27-Apr-22,210.5,201.95,211.45,198.55,8443657,3.14%
26-Apr-22,204.1,195.4,205.3,194.05,6786358,6.33%
25-Apr-22,191.95,197.5,198.5,191.1,3760965,-3.90%
22-Apr-22,199.75,202.35,203.7,199.05,2907621,-2.16%
21-Apr-22,204.15,199.4,204.8,197.1,7095916,5.02%
20-Apr-22,194.4,190.75,195.95,189.25,3428638,2.75%
19-Apr-22,189.2,191.7,193.8,187,2290054,-0.47%
18-Apr-22,190.1,193,194.45,188.9,2303227,-2.74%
13-Apr-22,195.45,195.5,198,195,2074515,0.05%
12-Apr-22,195.35,200,200,194.95,4091155,-3.05%
11-Apr-22,201.5,203,204.8,200.1,2888261,-0.62%
08-Apr-22,202.75,199,204.5,195.7,6696513,2.87%
07-Apr-22,197.1,201.8,201.8,195.25,2715798,-0.18%
06-Apr-22,197.45,198.8,201.05,197.2,1882397,-1.35%
05-Apr-22,200.15,198,201.25,197.3,2420941,1.34%
04-Apr-22,197.5,196.65,199.25,195.2,3240680,0.92%
01-Apr-22,195.7,191.1,196.4,189.65,2964637,2.46%
31-Mar-22,191,190,193.2,189.3,3261714,1.35%
30-Mar-22,188.45,192,193.5,184.75,4244882,-0.76%
29-Mar-22,189.9,190.7,193.4,188.35,2867220,0.50%
28-Mar-22,188.95,188.95,189.55,184.25,2918622,0.75%
25-Mar-22,187.55,188,188.5,184.4,1660744,0.48%
24-Mar-22,186.65,186.9,189.7,185.35,1822259,-1.32%
23-Mar-22,189.15,190.5,191.85,188.1,1612579,-0.47%
22-Mar-22,190.05,188.1,190.5,183.05,4183713,0.80%
21-Mar-22,188.55,193.75,193.95,188.15,2515370,-2.68%
17-Mar-22,193.75,190,194.9,189.05,5449690,3.86%
16-Mar-22,186.55,186,188.1,184.05,3590473,1.33%
15-Mar-22,184.1,185.55,189.95,182,3835547,0.11%
14-Mar-22,183.9,184.9,185.3,181,2103886,-0.19%
11-Mar-22,184.25,184,185.8,181.3,2443880,0.33%
10-Mar-22,183.65,185.85,187.9,182.3,5852786,3.70%
09-Mar-22,177.1,173.95,179.85,171.15,6091824,3.24%
08-Mar-22,171.55,172,175.3,165.85,6744510,-1.29%
07-Mar-22,173.8,169.95,175.5,165.25,4632142,-0.34%
04-Mar-22,174.4,177.2,177.75,170.65,7158636,-2.49%
03-Mar-22,178.85,184.8,184.8,178,3338662,-1.41%
02-Mar-22,181.4,183.7,184.5,179.35,2962027,-1.79%
28-Feb-22,184.7,183,186.9,178.7,6456344,-0.27%
25-Feb-22,185.2,186.35,188.85,184,4891471,3.75%
24-Feb-22,178.5,192.95,196.5,176.45,9553612,-11.26%
23-Feb-22,201.15,199,203.55,199,2880091,1.72%
22-Feb-22,197.75,196.5,199.25,191.1,4676006,-2.68%
21-Feb-22,203.2,207.15,207.75,202.5,3624515,-2.21%
18-Feb-22,207.8,211.6,214.2,207.25,2660630,-2.76%
17-Feb-22,213.7,216.5,217.45,212.2,2396158,-0.21%
16-Feb-22,214.15,218.25,219.7,213.05,2609705,-0.70%
15-Feb-22,215.65,208,216.8,205.1,3494720,3.43%
14-Feb-22,208.5,216.9,216.9,207.35,3130216,-5.01%
11-Feb-22,219.5,224.7,226.45,218.95,2542780,-3.15%
10-Feb-22,226.65,228,229.15,226.2,1680142,-0.44%
09-Feb-22,227.65,226.5,228.8,225,2082831,1.20%
08-Feb-22,224.95,225.45,227.25,221,2405339,0.38%
07-Feb-22,224.1,220,226.5,219.1,5218368,0.13%
04-Feb-22,223.8,220.2,230.5,220.2,5753713,-0.51%
03-Feb-22,224.95,217.05,228.9,215.85,12257995,-0.18%
02-Feb-22,225.35,221.05,226.8,220.6,4434266,2.81%
01-Feb-22,219.2,218.75,220.65,215,2982391,1.18%
31-Jan-22,216.65,217.45,219.95,215.75,2524409,0.65%
28-Jan-22,215.25,216.7,223.75,214.35,3201850,1.03%
27-Jan-22,213.05,210,218.25,205.5,3866620,0.31%
25-Jan-22,212.4,210.95,213.65,208.25,2458314,0.02%
24-Jan-22,212.35,223,224.4,210.05,2871823,-5.12%
21-Jan-22,223.8,225,229.65,221.75,2567260,-1.08%
20-Jan-22,226.25,227.95,231.75,224,5357697,-2.96%
19-Jan-22,233.15,235,235,227,2578370,-0.91%
18-Jan-22,235.3,245,245,234.2,4954232,-3.35%
17-Jan-22,243.45,232,244,231.7,7050781,5.12%
14-Jan-22,231.6,235.35,237.5,230.5,2592666,-1.43%
13-Jan-22,234.95,233.65,236.4,232.05,1745200,0.56%
12-Jan-22,233.65,232.05,235.75,230.5,2430304,0.78%
11-Jan-22,231.85,231.95,233.15,228.75,1911686,-0.28%
10-Jan-22,232.5,234.65,234.65,230.4,1965998,-0.21%
07-Jan-22,233,229.5,234.25,227.1,2872775,1.97%
06-Jan-22,228.5,225.5,229.2,224.15,1876933,0.44%
05-Jan-22,227.5,225.75,228,224,2086152,0.84%
04-Jan-22,225.6,221,227.8,220.9,4076160,2.13%
03-Jan-22,220.9,220.2,222.4,219.15,1126982,0.80%
31-Dec-21,219.15,217.15,222.1,217.15,2218732,0.92%
30-Dec-21,217.15,217.2,218.4,216,1655520,-0.18%
29-Dec-21,217.55,215.5,217.8,213.2,2510455,1.16%
28-Dec-21,215.05,210,217,209.15,2419860,2.94%
27-Dec-21,208.9,206.1,209.4,202,1280639,1.09%
24-Dec-21,206.65,212,212,205.9,2689098,-1.85%
23-Dec-21,210.55,210.55,213.3,209.25,1704058,1.20%
22-Dec-21,208.05,204.25,210,203.75,2260174,2.51%
21-Dec-21,202.95,203.5,206.3,201.15,1645421,0.35%
20-Dec-21,202.25,212,212,197.8,3666093,-5.18%
17-Dec-21,213.3,217,217,212,2010657,-1.91%
16-Dec-21,217.45,216.75,218,213.6,1570974,0.86%
15-Dec-21,215.6,216.9,220.25,215.2,1511438,-0.58%
14-Dec-21,216.85,217.95,218.7,214.35,1921045,-1.21%
13-Dec-21,219.5,218,221.4,217.6,2421351,1.08%
10-Dec-21,217.15,217.3,218.3,215.05,1206497,0.44%
09-Dec-21,216.2,216,217.25,214.1,1264398,0.19%
08-Dec-21,215.8,210.7,217.4,210.05,2648381,3.13%
07-Dec-21,209.25,206.5,212,205.55,1825523,2.15%
06-Dec-21,204.85,210.5,211.2,204.25,1606829,-2.45%
03-Dec-21,210,211,212.9,209,1476550,0.05%
02-Dec-21,209.9,207.8,210.4,206.75,1492806,1.01%
01-Dec-21,207.8,205.25,209,205.25,1720325,1.59%
30-Nov-21,204.55,206.45,211.35,203.5,2292067,-0.78%
29-Nov-21,206.15,210,210.35,200.8,3902124,-2.46%
26-Nov-21,211.35,221,221,209.8,3342382,-5.01%
25-Nov-21,222.5,223,225.5,220.9,3279246,-0.27%
24-Nov-21,223.1,221.4,226.35,221.2,1981492,0.77%
23-Nov-21,221.4,216.8,222.4,213.55,2758276,1.89%
22-Nov-21,217.3,223.1,223.55,214.7,2963562,-2.99%
18-Nov-21,224,230.9,231.3,222.05,3721820,-2.69%
17-Nov-21,230.2,233.75,234.85,229.3,2032033,-1.22%
16-Nov-21,233.05,233.75,237,232,3026483,0.24%
15-Nov-21,232.5,232.5,234.3,228.75,1511879,0.00%
12-Nov-21,232.5,233,235.4,230.55,1696917,0.22%
11-Nov-21,232,233.35,236.25,229.55,3058586,-0.49%
10-Nov-21,233.15,229.95,234,228.55,3101948,0.80%
09-Nov-21,231.3,229.2,232.5,228.15,2900718,0.81%
08-Nov-21,229.45,223,230,221,5398970,3.10%
04-Nov-21,222.55,222.75,223.5,221.3,294162,0.88%
03-Nov-21,220.6,223.6,224.7,219.1,1903450,-1.28%
02-Nov-21,223.45,221.75,225.9,220.25,3103362,1.27%
01-Nov-21,220.65,215.1,222.5,212.9,5546106,3.64%
29-Oct-21,212.9,213.8,217,208.1,3642654,-0.02%
28-Oct-21,212.95,217.35,217.6,212,2964778,-1.93%
27-Oct-21,217.15,220.7,220.75,216.6,2363376,-0.87%
26-Oct-21,219.05,219.4,221.4,215.75,3281444,-0.39%
25-Oct-21,219.9,222.95,224.5,214.55,4610633,-0.52%
22-Oct-21,221.05,228,230,218.65,4081606,-2.26%
21-Oct-21,226.15,227.5,229.25,224.4,3610872,0.20%
20-Oct-21,225.7,232.3,233.9,220.7,6163715,-2.67%
19-Oct-21,231.9,244.9,246.3,230.5,5689713,-4.37%
18-Oct-21,242.5,240.85,250,238.8,8984522,1.13%
14-Oct-21,239.8,240.4,243.75,237.75,2736472,0.29%
13-Oct-21,239.1,241,244.4,238.2,3312096,0.04%
12-Oct-21,239,242,245,236.1,4818636,-0.64%
11-Oct-21,240.55,235.95,245.25,234,10744057,2.58%
08-Oct-21,234.5,229.15,235.75,228,4477732,2.78%
07-Oct-21,228.15,224,233,223.65,6417957,2.63%
06-Oct-21,222.3,226.7,231.7,221.5,3873270,-1.31%
05-Oct-21,225.25,227,228.25,224.8,1776081,-1.25%
04-Oct-21,228.1,225.35,229.5,225.25,1936726,1.72%
01-Oct-21,224.25,224.5,226.65,222.5,2017092,-0.64%
30-Sep-21,225.7,225.8,228.45,224.05,3198232,0.45%
29-Sep-21,224.7,226.2,229.3,220.85,4045085,-0.75%
28-Sep-21,226.4,233.05,234.3,225.5,3598548,-2.35%
27-Sep-21,231.85,229,234.5,225.95,3717008,1.33%
24-Sep-21,228.8,238.2,238.5,225.8,5274766,-3.44%
23-Sep-21,236.95,234.65,239.85,233.45,8364323,1.89%
22-Sep-21,232.55,220.5,234.5,220.5,15453714,5.92%
21-Sep-21,219.55,218,220.5,214.25,3012522,0.71%
20-Sep-21,218,221.95,225.65,216.65,2985529,-2.50%
17-Sep-21,223.6,223,228.3,219.5,6893518,0.74%
16-Sep-21,221.95,223.1,225.65,221.6,3199698,-0.20%
15-Sep-21,222.4,222.15,224.95,221.45,3931223,0.61%
14-Sep-21,221.05,215.95,221.9,215.3,3898100,2.86%
13-Sep-21,214.9,214.95,216.05,213.4,2200392,-0.02%
09-Sep-21,214.95,214.85,217.4,213.05,2610370,0.07%
08-Sep-21,214.8,218,218.25,214,2092709,-1.58%
07-Sep-21,218.25,221.5,221.85,217.25,1529838,-1.56%
06-Sep-21,221.7,223.4,224.55,220.65,1224274,-0.61%
03-Sep-21,223.05,222.5,224.5,219.8,2217660,0.63%
02-Sep-21,221.65,219.5,222.35,218.75,2940214,1.35%
01-Sep-21,218.7,213.7,219.5,213.4,3092795,2.70%
31-Aug-21,212.95,212.25,215.95,211.3,3204602,0.24%
30-Aug-21,212.45,210,214.25,209.75,2206254,1.68%
27-Aug-21,208.95,209.45,212.1,207.25,3047268,0.05%
26-Aug-21,208.85,208.8,210,206.1,2845221,0.65%
25-Aug-21,207.5,209,210.7,205.9,3336327,-0.72%
24-Aug-21,209,206.5,209.5,203.35,3208791,1.78%
23-Aug-21,205.35,213.7,214.15,204.25,4079880,-2.93%
20-Aug-21,211.55,219,219,210,3941166,-3.95%
18-Aug-21,220.25,222.5,223,219.25,2256555,-0.86%
17-Aug-21,222.15,225.65,227,220.5,3013321,-1.68%
16-Aug-21,225.95,224.85,227.45,224,3136047,0.38%
13-Aug-21,225.1,224.7,226.75,223.5,3922910,0.27%
12-Aug-21,224.5,215.4,225,213.05,8200307,5.15%
11-Aug-21,213.5,216.45,218.75,210.15,4187893,-0.86%
10-Aug-21,215.35,224,224,213.5,5656370,-3.41%
09-Aug-21,222.95,223.9,227.7,222.25,4446029,-0.18%
06-Aug-21,223.35,223.4,225.5,221.7,2720819,0.43%
05-Aug-21,222.4,226.25,231.5,221,6421297,-1.35%
04-Aug-21,225.45,231.25,231.95,224.6,4521311,-1.79%
03-Aug-21,229.55,229,230.35,225.1,4749916,0.42%
02-Aug-21,228.6,224.85,229.75,224,3693403,2.30%
30-Jul-21,223.45,216.9,225.5,216.05,5767529,3.31%
29-Jul-21,216.3,222,223.2,215.6,5460444,-2.08%
28-Jul-21,220.9,222.5,224.2,220,3634879,-0.38%
27-Jul-21,221.75,223.5,225.35,221.15,2417871,-0.22%
26-Jul-21,222.25,226,226.1,221.7,2936002,-2.01%
23-Jul-21,226.8,226.75,227.85,224.2,3074785,0.15%
22-Jul-21,226.45,223.5,226.9,222.65,3759724,2.14%
20-Jul-21,221.7,226,227.75,220.25,5642151,-1.62%
19-Jul-21,225.35,229.55,229.55,222.8,5981959,-2.38%
16-Jul-21,230.85,232.25,232.4,228.15,3225005,-0.13%
15-Jul-21,231.15,237.15,237.15,230.5,6258720,-3.87%
14-Jul-21,240.45,236.7,241,235.75,7246560,1.99%
13-Jul-21,235.75,231.65,237.5,229.8,7879903,2.59%
12-Jul-21,229.8,229.9,232.75,228.7,3265628,0.70%
09-Jul-21,228.2,225.1,229.45,223,2940711,0.57%
08-Jul-21,226.9,231,231.25,225.6,3071909,-1.82%
07-Jul-21,231.1,230.6,231.5,227.5,2480384,0.50%
06-Jul-21,229.95,229.1,233.5,228.8,5441343,0.50%
05-Jul-21,228.8,228.5,229.9,227.25,1953733,0.59%
02-Jul-21,227.45,228.95,230.55,226.15,3512190,-0.18%
01-Jul-21,227.85,226.1,228.6,224.5,2976390,1.27%
30-Jun-21,225,228.55,228.55,223.8,3204644,-0.64%
29-Jun-21,226.45,231.5,236,224.85,10736632,-1.14%
28-Jun-21,229.05,222.05,231,221.35,5205547,3.53%
25-Jun-21,221.25,220.45,224.35,219.25,4482718,0.64%
24-Jun-21,219.85,226,226.5,219,6708299,-1.92%
23-Jun-21,224.15,226.1,231.65,223.55,5642837,-0.29%
22-Jun-21,224.8,227.5,230.3,224.25,2713286,-0.57%
21-Jun-21,226.1,225,226.75,222.15,2529035,-0.48%
18-Jun-21,227.2,230.95,232.65,220,4940545,-1.17%
17-Jun-21,229.9,232,234.6,228.6,3884976,-1.33%
16-Jun-21,233,235.2,238.25,232.3,2415125,-0.94%
15-Jun-21,235.2,238,240.8,234.7,3593627,-0.93%
14-Jun-21,237.4,239,239.5,233.05,2084657,-0.57%
11-Jun-21,238.75,242.45,243,237.75,4662661,-0.85%
10-Jun-21,240.8,236,241.45,236,4525461,2.23%
09-Jun-21,235.55,237,241.1,233.05,5539647,-0.23%
08-Jun-21,236.1,238,241.5,232.75,6685280,-0.55%
07-Jun-21,237.4,231,241.25,230.65,10922981,2.95%
04-Jun-21,230.6,230.9,234.3,229.5,4684948,-0.13%
03-Jun-21,230.9,232.1,233,228.65,5700616,0.41%
02-Jun-21,229.95,221,231.5,218.5,7324473,3.67%
01-Jun-21,221.8,222.85,227.85,220.1,5376825,-0.11%
31-May-21,222.05,224.65,224.65,221,2710673,-0.69%
28-May-21,223.6,225,228.7,221.75,5526121,0.18%
27-May-21,223.2,222.85,224.1,218.75,5859968,0.50%
26-May-21,222.1,219,224.25,218.5,6419209,1.42%
25-May-21,219,220.95,221,218,4232780,0.02%
24-May-21,218.95,218.75,220.75,215.5,4624653,0.74%
21-May-21,217.35,215.95,219,214.5,7673508,1.57%
20-May-21,214,217.2,218.45,213.4,5193726,-0.90%
19-May-21,215.95,214.5,218.5,213.4,5742580,0.68%
18-May-21,214.5,212.6,217,211.95,8613313,1.95%
17-May-21,210.4,210,212.1,206.45,8381595,1.13%
14-May-21,208.05,225,225,204.55,24409802,-6.03%
12-May-21,221.4,224.2,226.3,219.65,9899396,-1.16%
11-May-21,224,219.15,226.9,216.4,9629227,1.31%
10-May-21,221.1,216.5,223.4,216.1,9901076,3.17%
07-May-21,214.3,214.45,216,209.4,8931992,0.33%
06-May-21,213.6,215.75,217.7,210.35,6142013,-0.47%
05-May-21,214.6,219.7,220.5,211.95,9238790,-1.40%
04-May-21,217.65,223.2,226.25,216.25,7509987,-1.65%
03-May-21,221.3,213,223.75,212.5,9482232,2.29%
30-Apr-21,216.35,207.45,223.6,203,19747072,3.99%
29-Apr-21,208.05,215.55,216.4,206.7,8818857,-2.21%
28-Apr-21,212.75,206.45,214.3,203.75,10798496,3.53%
27-Apr-21,205.5,201.4,206.35,200.95,4595056,2.67%
26-Apr-21,200.15,203.65,205.2,199.75,6648609,-0.82%
23-Apr-21,201.8,203,206.65,199.85,4559504,-0.96%
22-Apr-21,203.75,199.95,205.2,198.55,4860873,0.77%
20-Apr-21,202.2,205.15,208.5,200.45,4318084,-0.66%
19-Apr-21,203.55,199.95,205.2,199,7637679,-2.49%
16-Apr-21,208.75,209.2,210.9,205.6,6651237,0.17%
15-Apr-21,208.4,212.6,215.5,205.3,7243110,-3.27%
13-Apr-21,215.45,204.5,217.9,203,13740612,5.87%
12-Apr-21,203.5,219.9,219.9,202.5,6217829,-8.95%
09-Apr-21,223.5,224.45,228,222.05,3251356,-0.36%
08-Apr-21,224.3,225.7,229.25,223.35,6064459,-0.62%
07-Apr-21,225.7,222,226.25,221.25,4562985,1.32%
06-Apr-21,222.75,223.95,227.5,219.75,5622359,0.45%
05-Apr-21,221.75,234.25,234.35,221.05,7826250,-6.06%
01-Apr-21,236.05,226.25,236.9,224.05,6079701,5.52%
31-Mar-21,223.7,221,227.5,220.75,3038051,0.34%
30-Mar-21,222.95,226,227.8,219.7,4419367,-0.85%
26-Mar-21,224.85,222.05,226.9,221.5,4654822,2.65%
25-Mar-21,219.05,222,223,212.5,7068613,-1.22%
24-Mar-21,221.75,227,230,220.4,5744918,-3.23%
23-Mar-21,229.15,225.4,231.15,222.5,5540415,2.12%
22-Mar-21,224.4,226,226.75,220.7,5402029,-0.31%
19-Mar-21,225.1,215,227.5,210.25,10788228,3.71%
18-Mar-21,217.05,225.7,228.7,208,8433612,-2.95%
17-Mar-21,223.65,233.2,234.35,222.5,5176713,-3.72%
16-Mar-21,232.3,235.65,236.8,230.6,5851407,-1.42%
15-Mar-21,235.65,240.9,240.9,231.6,5144533,-1.50%
12-Mar-21,239.25,239.4,245.6,236.5,9690551,0.74%
10-Mar-21,237.5,234.05,238.75,233.6,6197436,2.35%
09-Mar-21,232.05,236.1,238,229.05,8384559,-1.17%
08-Mar-21,234.8,244.95,246.25,234.1,10551070,-3.27%
05-Mar-21,242.75,257,258.8,239,15118120,-6.29%
04-Mar-21,259.05,243,261.25,242.7,12623097,3.62%
03-Mar-21,250,246.5,252.2,243.6,12219130,1.48%
02-Mar-21,246.35,247,247.85,242.05,7076813,0.61%
01-Mar-21,244.85,235,248.8,235,14941186,5.49%
26-Feb-21,232.1,238,238.95,227.1,8502569,-3.83%
25-Feb-21,241.35,241.8,243.75,239.5,6678690,1.03%
24-Feb-21,238.9,232.4,241,231.2,8702989,3.96%
23-Feb-21,229.8,228.4,232.55,223.4,12527522,0.61%
22-Feb-21,228.4,238.55,241.1,226.8,10223609,-4.25%
19-Feb-21,238.55,236.5,244.05,235.1,13029321,1.06%
18-Feb-21,236.05,243.25,243.75,235.1,8842208,-2.32%
17-Feb-21,241.65,235.05,244.4,234.65,12855633,2.29%
16-Feb-21,236.25,238.5,240.55,232.6,8706612,-0.74%
15-Feb-21,238,241.95,244.4,236.95,6835538,-0.67%
12-Feb-21,239.6,242.5,243.35,236.55,9407649,-0.17%
11-Feb-21,240,249,249.1,239,12561402,-3.67%
10-Feb-21,249.15,244,250.95,240.3,12835226,2.32%
09-Feb-21,243.5,249.95,250.95,241.2,13763979,-2.15%
08-Feb-21,248.85,242.5,256.5,242.15,19399396,3.00%
05-Feb-21,241.6,245.8,249.95,235,24192684,-0.92%
04-Feb-21,243.85,237.25,255.7,232,81015566,7.21%
03-Feb-21,227.45,229.8,231.85,222.85,15076432,-0.02%
02-Feb-21,227.5,217.95,228.7,215.1,21134623,6.46%
01-Feb-21,213.7,198.25,216,192.4,19615177,8.67%
29-Jan-21,196.65,206.5,208.75,195.35,21472526,-2.86%
28-Jan-21,202.45,196.2,206,195,21792316,0.30%
27-Jan-21,201.85,211,211,200,23956044,-4.47%
25-Jan-21,211.3,233.45,239.7,209.2,38938668,-8.88%
22-Jan-21,231.9,220,237.5,219,65548748,6.72%
21-Jan-21,217.3,208,222,205.7,51269488,7.63%
20-Jan-21,201.9,189.85,204,188.45,27835642,6.63%
19-Jan-21,189.35,179.75,190.75,179.7,9258312,5.66%
18-Jan-21,179.2,183.9,183.9,174.5,10544836,-2.24%
15-Jan-21,183.3,190.65,192.1,181.8,10009834,-3.53%
14-Jan-21,190,192.85,194.9,188.5,7759849,-0.99%
13-Jan-21,191.9,194.9,196.2,187.25,8491908,-0.49%
12-Jan-21,192.85,193.4,198.75,191.95,8795573,-0.13%
11-Jan-21,193.1,194.5,194.95,188.25,8690690,0.26%
08-Jan-21,192.6,194,196.55,191.75,9558639,0.97%
07-Jan-21,190.75,187.95,194.35,187.2,9759532,2.33%
06-Jan-21,186.4,187.5,189.7,183.75,6428061,-0.32%
05-Jan-21,187,186.6,188.45,184.2,8902841,-0.85%
04-Jan-21,188.6,181.9,189.7,180.5,12369742,4.84%
01-Jan-21,179.9,178.45,180.95,177.2,7089146,1.07%
31-Dec-20,178,179.75,183.2,176.85,8317227,-1.06%
30-Dec-20,179.9,181.8,182.35,178.5,5749554,-0.47%
29-Dec-20,180.75,180.2,181.95,177.5,8862957,1.72%
28-Dec-20,177.7,177,179.8,176,5773834,1.31%
24-Dec-20,175.4,180,181.25,174.75,6913495,-1.54%
23-Dec-20,178.15,175.75,179.9,173.6,7670775,1.83%
22-Dec-20,174.95,175.25,181.8,170.35,11643440,-1.13%
21-Dec-20,176.95,191.2,191.2,172.35,10277121,-7.60%
18-Dec-20,191.5,196.75,198.65,189.6,10923364,-3.11%
17-Dec-20,197.65,195.75,199.75,195.05,7878871,0.48%
16-Dec-20,196.7,191,200,190.4,20035196,3.77%
15-Dec-20,189.55,189.4,191.25,185.35,9906131,0.61%
14-Dec-20,188.4,193,194.35,187.45,8127617,-2.38%
11-Dec-20,193,181.5,194.7,181.5,26199032,6.34%
10-Dec-20,181.5,185,186.4,180.95,7314086,-1.12%
09-Dec-20,183.55,188.05,188.5,182.8,4605591,-1.77%
08-Dec-20,186.85,188.45,190.7,184.9,6728894,-0.74%
07-Dec-20,188.25,189,189.1,185.5,6298502,0.00%
04-Dec-20,188.25,188.7,191.2,184.65,6319781,0.45%
03-Dec-20,187.4,188.6,191.95,186.35,9514213,-0.56%
02-Dec-20,188.45,186,189.45,185.5,7457490,0.78%
01-Dec-20,187,184.5,188,182.8,6264103,1.38%
27-Nov-20,184.45,176,185.5,175.75,10762908,5.46%
26-Nov-20,174.9,173.7,176.25,171.6,5799005,0.87%
25-Nov-20,173.4,177.8,178.6,172,5724982,-2.36%
24-Nov-20,177.6,176,179.3,175.5,8863848,2.07%
23-Nov-20,174,175.2,178.05,173.25,7865639,-0.66%
20-Nov-20,175.15,172.8,178.3,172.15,10914854,1.13%
19-Nov-20,173.2,173.4,177.1,171.85,5835133,-0.83%
18-Nov-20,174.65,173,175.9,169.8,7402635,0.92%
17-Nov-20,173.05,165,174.7,164.6,10585162,5.10%
14-Nov-20,164.65,165.7,166.4,163.8,522568,0.40%
13-Nov-20,164,163.9,165.2,162,3719379,-0.15%
12-Nov-20,164.25,161.3,165.5,159.1,8040192,1.83%
11-Nov-20,161.3,164.45,164.6,159,7066653,-2.00%
10-Nov-20,164.6,159,165.5,157.65,8969133,4.54%
09-Nov-20,157.45,154.5,158.25,152.7,7806598,2.61%
06-Nov-20,153.45,149.2,157.2,147,16534345,3.82%
05-Nov-20,147.8,150,151.8,144.55,16279196,-0.07%
04-Nov-20,147.9,144,149.25,142.75,12150695,3.46%
03-Nov-20,142.95,142,146.5,141.65,5393359,1.13%
02-Nov-20,141.35,140.9,142.5,138.75,4135380,1.04%
30-Oct-20,139.9,142.45,144.3,137.75,5949691,-2.17%
29-Oct-20,143,141.8,143.65,139,5001637,-0.14%
28-Oct-20,143.2,147.8,149.3,142.1,6690227,-4.28%
27-Oct-20,149.6,147.1,152.65,143,9819752,1.08%
26-Oct-20,148,149.45,150.45,144.35,8372485,-1.20%
23-Oct-20,149.8,142.05,151,141.05,20076196,6.09%
22-Oct-20,141.2,141.8,143.5,138.4,13367846,0.39%
21-Oct-20,140.65,132.45,143.35,132.15,17538130,6.80%
20-Oct-20,131.7,130.35,132.5,129.8,3557896,0.23%
19-Oct-20,131.4,129,131.75,128.05,4087197,2.50%
16-Oct-20,128.2,125,128.55,124.1,3370308,2.68%
15-Oct-20,124.85,129,130.1,124.3,4662188,-2.95%
14-Oct-20,128.65,131.85,131.85,126.7,3730390,-2.24%
13-Oct-20,131.6,132,133.45,130.3,3416003,-0.53%
12-Oct-20,132.3,137.75,138.7,131.8,5181889,-3.96%
09-Oct-20,137.75,137.3,138.6,135.5,6044318,0.69%
08-Oct-20,136.8,136.45,137.5,135.5,3189656,0.44%
07-Oct-20,136.2,135,137.55,134,6882197,0.59%
06-Oct-20,135.4,135.75,136.7,133.4,3970569,0.37%
05-Oct-20,134.9,133,135.2,132.2,5509696,1.54%
01-Oct-20,132.85,131.95,133.35,130.85,4311614,1.53%
30-Sep-20,130.85,131.1,131.95,129.15,5359247,0.50%
29-Sep-20,130.2,129.5,130.8,126.55,8115568,1.44%
